abajo suscrito;suscrito;Redundancia
abajo suscrita;suscrita;Redundancia
abajo suscritos;suscritos;Redundancia
abajo suscritas;suscritas;Redundancia
acalorado de calor;acalorado;Redundancia
acalorada de calor;acalorada;Redundancia
acalorados de calor;acalorados;Redundancia
acaloradas de calor;acaloradas;Redundancia
acceso de entrada;acceso;Redundancia
accesos de entrada;accesos;Redundancia
accidente fortuito;accidente;Redundancia
accidentes fortuitos;accidentes;Redundancia
actualmente en vigor;en vigor;Redundancia
adelantar un anticipo;un anticipo;Redundancia
agua mojada;agua;Redundancia
aguas mojadas;aguas;Redundancia
aguador de agua;aguador;Redundancia
al final del todo;al final;Redundancia
ambos dos;ambos;Redundancia
amigo personal;amigo;Redundancia
amiga personal;amiga;Redundancia
amigos personales;amigos;Redundancia
amigas personales;amigas;Redundancia
antecedente previo;antecedente;Redundancia
antecedentes previos;antecedentes;Redundancia
años de edad;años;Redundancia
árbol de madera;árbol;Redundancia
árboles de madera;árboles;Redundancia
asolearse en el sol;asolearse;Redundancia
aterido de frío ;aterido;Redundancia
aterida de frío;aterida;Redundancia
ateridos de frío;ateridos;Redundancia
ateridas de frío;ateridas;Redundancia
autopsia de un cadáver;autopsia;Redundancia
autopsias de cadáveres;autopsias;Redundancia
autoridad constituida;autoridad;Redundancia
autoridades constituidas;autoridades;Redundancia
autosuicidio;suicidio;Redundancia
autosuicidios;suicidios;Redundancia
avanzar hacia adelante;avanzar;Redundancia
base fundamental;base;Redundancia
bases fundamentales;bases;Redundancia
beber líquido;beber;Redundancia
beber líquidos;beber;Redundancia
blanco claro;blanco;Redundancia
brinca hacia arriba;brinca;Redundancia
buena ortografía;ortografía;Redundancia
buena panacea;panacea;Redundancia
buenas panaceas;panaceas;Redundancia
caída accidental;caída;Redundancia
caídas accidentales;caídas;Redundancia
cama para dormir;cama;Redundancia
camas para dormir;camas;Redundancia
caminar con los pies;caminar;Redundancia
campanear las campanas;campanear;Redundancia
campus universitario;campus;Redundancia
campus universitarios;campus;Redundancia
cáncer maligno;cáncer;Redundancia
cánceres malignos;cánceres;Redundancia
cantar canciones;cantar;Redundancia
casco protector;casco;Redundancia
cascos protectores;cascos;Redundancia
cielo celeste;cielo;Redundancia
cielos celestes;cielos;Redundancia
círculo redondo;círculo;Redundancia
círculos redondos;círculos;Redundancia
claramente obvio;claramente;Redundancia
colofón final;colofón;Redundancia
colofones finales;colofones;Redundancia
comer comida;comer;Redundancia
comicios electorales;comicios;Redundancia
completamente abarrotado;abarrotado;Redundancia
completamente abarrotada;abarrotada;Redundancia
completamente abarrotados;abarrotados;Redundancia
completamente abarrotadas;abarrotadas;Redundancia
conclusión final;conclusión;Redundancia
conclusiones finales;conclusiones;Redundancia
conocer por primera vez;conocer;Redundancia
constelación de estrellas;constelación;Redundancia
constelaciones de estrellas;constelaciones;Redundancia
coordinados entre sí;coordinados;Redundancia
coordinadas entre sí;coordinadas;Redundancia
copia exacta;copia;Redundancia
copias exactas;copias;Redundancia
crema cremosa;crema;Redundancia
cremas cremosas;cremas;Redundancia
crespón negro;crespón;Redundancia
crepones negros;crespones;Redundancia
deambular sin rumbo;deambular;Redundancia
desenlace final;desenlace;Redundancia
desenlaces finales;desenlaces;Redundancia
diario de todos los días;diario;Redundancia
dinero monetario;dinero;Redundancia
divisa extranjera;divisa;Redundancia
divisas extranjeras;divisas;Redundancia
divisa monetaria;divisa;Redundancia
divisas monetarias;divisas;Redundancia
doblar a muerto;doblar;Redundancia
edad longeva;longevo|longeva;Redundancia
edades longevas;Longevos|longevas;Redundancia
efluente líquido;efluente;Redundancia
efluentes líquidos;efluentes;Redundancia
ejemplo paradigmático;ejemplo;Redundancia
ejemplos paradigmáticos;ejemplos;Redundancia
ejemplo práctico;ejemplo;Redundancia
ejemplos prácticos;ejemplos;Redundancia
embajada extranjera;embajada;Redundancia
embajadas extranjeras;embajadas;Redundancia
embetunar con betún;embetunar;Redundancia
en sus propias manos;en sus manos;Redundancia
en vías de desarrollo;en desarrollo;Redundancia
entrar adentro;entrar;Redundancia
entrar dentro;entrar;Redundancia
entrar para adentro ;entrar;Redundancia
erario público;erario;Redundancia
erarios públicos;erarios;Redundancia
erradicar de raíz;erradicar;Redundancia
error involuntario;error;Redundancia
errores involuntarios;errores;Redundancia
escritorio para escribir;escritorio;Redundancia
escritorios para escribir;escritorios;Redundancia
esencial hincapié;hincapié;Redundancia
estafeta de correos;estafeta;Redundancia
estafetas de correos;estafetas;Redundancia
estrella brillante;estrella;Redundancia
estrellas brillantes;estrellas;Redundancia
exótico de oriente;exótico;Redundancia
exótica de oriente;exóticas;Redundancia
exóticos de oriente;exóticos;Redundancia
exóticas de oriente;exóticas;Redundancia
exportar a otros países;exportar;Redundancia
facial de la cara;facial;Redundancia
faciales de la cara;faciales;Redundancia
falso pretexto;pretexto;Redundancia
falsos pretextos;pretextos;Redundancia
favorito a priori;favorito;Redundancia
favorita a priori;favorita;Redundancia
favoritos a priori;favoritos;Redundancia
favoritas a priori;favoritas;Redundancia
freír frituras;freír;Redundancia
freís fritangas;freír;Redundancia
funcionario público;funcionario;Redundancia
funcionarios públicos;funcionarios;Redundancia
gato felino;gato;Redundancia
gatos felinos;gatos;Redundancia
gira girando;gira;Redundancia
gobernante del gobierno;gobernante;Redundancia
gramo de peso;gramo;Redundancia
gramos de peso;gramos;Redundancia
gritar alto;gritar;Redundancia
hacerme esto precisamente a mí;hacerme esto;Redundancia
heces fecales;heces;Redundancia
hecho real;hecho;Redundancia
hechos reales;hechos;Redundancia
hecho práctico;hecho;Redundancia
hechos prácticos;hechos;Redundancia
hemorragia sanguínea;hemorragia;Redundancia
hemorragias sanguíneas;hemorragias;Redundancia
hielo frío ;hielo;Redundancia
hijo varón;hijo;Redundancia
hijos varones;hijos;Redundancia
hueco vacío;hueco;Redundancia
huecos vacíos;huecos;Redundancia
humedecer con agua;humedecer;Redundancia
improvisar sobre la marcha;improvisar;Redundancia
insistir reiteradamente;insistir;Redundancia
interrelacionados entre sí;interrelacionados;Redundancia
interrelacionadas entre sí;interrelacionadas;Redundancia
introducirse dentro;introducirse;Redundancia
la mujer alpinista;la alpinista;Redundancia
las mujeres alpinistas;las alpinistas;Redundancia
lápiz para escribir;lápiz;Redundancia
lápices para escribir;lápices;Redundancia
lapso de tiempo;lapso;Redundancia
lapsos de tiempo;lapsos;Redundancia
larga longevidad;longevidad;Redundancia
lleno completo;lleno;Redundancia
losa de piedra;losa;Redundancia
losas de piedra;losas;Redundancia
macedonia de frutas;macedonia;Redundancia
macedonias de frutas;macedonias;Redundancia
madre maternal;madre;Redundancia
madres maternales;madres;Redundancia
mala inquina;inquina;Redundancia
malas inquinas;inquinas;Redundancia
marcador para marcar;marcador;Redundancia
marcadores para marcar;marcadores;Redundancia
más mínimo;mínimo;Redundancia
máximo clímax;clímax;Redundancia
medio ambiente;entorno;Redundancia
melodía sonora;melodía;Redundancia
melodías sonoras;melodías;Redundancia
mentira falsa;mentira;Redundancia
mentiras falsas;mentiras;Redundancia
miel de abeja;miel;Redundancia
mitades iguales;mitades;Redundancia
monedero para monedas;monedero;Redundancia
monederos para monedas;monederos;Redundancia
mundo mundial ;mundo;Redundancia
mundos mundiales;mundos;Redundancia
muy extremo;extremo;Redundancia
negro oscuro;negro;Redundancia
negros oscuros;negros;Redundancia
obsequio gratuito;obsequio;Redundancia
obsequios gratuitos;obsequios;Redundancia
olvido involuntario;olvido;Redundancia
olvidos involuntarios;olvidos;Redundancia
optimar al máximo;optimar;Redundancia
optimizar al máximo;optimizar;Redundancia
orquesta de música;orquesta;Redundancia
orquestas de música;orquestas;Redundancia
par de dos;par;Redundancia
pares de dos;pares;Redundancia
paraguas para la lluvia;paraguas;Redundancia
pared divisoria;pared;Redundancia
paredes divisorias;paredes;Redundancia
parte integrante;integrante;Redundancia
parte integrante;parte;Redundancia
partes integrantes;integrantes;Redundancia
partes integrantes;partes;Redundancia
particular idiosincrasia;idiosincrasia;Redundancia
peluca postiza;peluca;Redundancia
pelucas postizas;pelucas;Redundancia
perdurar en el tiempo;perdurar;Redundancia
periodo de tiempo;periodo;Redundancia
periodos de tiempo;periodos;Redundancia
período de tiempo;período;Redundancia
períodos de tiempo;períodos;Redundancia
piel de cuero;cuero;Redundancia
pleno consenso;consenso;Redundancia
plenos consensos;consensos;Redundancia
polos opuestos;polos;Redundancia
posición de decúbito;decúbito;Redundancia
posiciones de decúbito;decúbito;Redundancia
prefijado de antemano;prefijado;Redundancia
prefijada de antemano;prefijada;Redundancia
prefijados de antemano;prefijados;Redundancia
prefijadas de antemano;prefijadas;Redundancia
primero y único;único;Redundancia
primera y única;única;Redundancia
primeros y únicos;únicos;Redundancia
primeras y únicas;únicas;Redundancia
protagonista principal;protagonista;Redundancia
protagonistas principales;protagonistas;Redundancia
puño cerrado;puño;Redundancia
puños cerrados;puños;Redundancia
querella criminal;querella;Redundancia
querellas criminales;querellas;Redundancia
reconocido prestigio;prestigio;Redundancia
reconocidos prestigios;prestigios;Redundancia
relación amorosa;relación;Redundancia
relaciones amorosas;relaciones;Redundancia
réplica exacta;réplica;Redundancia
réplicas exactas;réplicas;Redundancia
reservado exclusivamente a;reservado ;Redundancia
resultado final;resultado;Redundancia
resultados finales;resultados;Redundancia
reto para el futuro;reto;Redundancia
retos para el futuro;retos;Redundancia
rivera del río;ribera del río;Redundancia
rodeado por todas partes;rodeado;Redundancia
rodeada por todas partes;rodeada;Redundancia
rodeados por todas partes;rodeados;Redundancia
rodeadas por todas partes;rodeadas;Redundancia
sal salada;sal;Redundancia
sales saladas;sales;Redundancia
siempre y eternamente;siempre;Redundancia
siempre y eternamente;eternamente;Redundancia
soler a menudo;soler;Redundancia
soler a menudo;a menudo;Redundancia
sonrisa en los labios;sonrisa;Redundancia
sonrisas en los labios;sonrisas;Redundancia
sorpresa inesperada;sorpresa;Redundancia
sorpresas inesperadas;sorpresas;Redundancia
tablao flamenco;tablao;Redundancia
tablaos flamencos;tablaos;Redundancia
totalmente gratuito;gratuito;Redundancia
totalmente gratuita;gratuita;Redundancia
totalmente gratuitos;gratuitos;Redundancia
totalmente gratuitas;gratuitas;Redundancia
tregua y alto al fuego;tregua;Redundancia
treguas y alto al fuego;treguas;Redundancia
tronco de madera;tronco;Redundancia
troncos de madera;troncos;Redundancia
tuerto de un solo ojo;tuerto;Redundancia
tuerta de un solo ojo;tuerta;Redundancia
tuertos de un solo ojo;tuertos;Redundancia
tuertas de un solo ojo;tuertas;Redundancia
una historia del pasado;una historia;Redundancia
unas historias del pasado;unas historias;Redundancia
una mujer alpinista;una alpinista;Redundancia
unas mujeres alpinistas;unas alpinistas;Redundancia
utopía inalcanzable;utopía;Redundancia
utopías inalcanzables;utopías;Redundancia
valorar positivamente;valorar;Redundancia
vendaval de viento;vendaval;Redundancia
vendavales de viento;vendavales;Redundancia
veredicto final;veredicto;Redundancia
veredictos finales;veredictos;Redundancia
volar por el aire;volar;Redundancia
volar por el aire;elevar en el aire;Redundancia
volar por el aire;explotar;Redundancia
volar por los aires;volar;Redundancia
volar por los aires;elevar en el aire;Redundancia
volar por los aires;explotar;Redundancia
volver a retomar;retomar;Redundancia
volver a retornar;retornar;Redundancia
yo mismo estuve presente;estuve presente;Redundancia
yo misma estuve presente;estuve presente;Redundancia
